[
  {
    "_id": "5a780e86bd7830f7b30e793d",
    "type": "Quiz",
    "language": "Front-end",
    "question": "Which of the following will correctly comment the text?",
    "level": 1,
    "correct": [
      "a"
    ],
    "options": {
      "d": "\\\\ comment \\\\",
      "c": "*/ comment /*",
      "b": "/ comment /",
      "a": "// comment //"
    },
    "multi": false
  },
  {
    "_id": "5a780e86bd7830f7b30e793e",
    "type": "Quiz",
    "language": "Front-end",
    "question": "Which of the following is a comparator in JavaScript ?",
    "level": 1,
    "correct": [
      "a",
      "d"
    ],
    "options": {
      "d": ">",
      "c": "!",
      "b": "?",
      "a": "<"
    },
    "multi": true
  },
  {
    "_id": "5a780e86bd7830f7b30e793f",
    "type": "Quiz",
    "language": "Front-end",
    "question": "Which statement returns the value of 2?",
    "level": 1,
    "correct": [
      "c",
      "d"
    ],
    "options": {
      "d": "4 - ( 8 / 4 )",
      "c": "(3 + 1) / \"hi\".length",
      "b": "\"hi\".length - 1 * 2",
      "a": "7 + 3 / 5"
    },
    "multi": true
  },
  {
    "_id": "5a780e86bd7830f7b30e7940",
    "type": "Quiz",
    "language": "Front-end",
    "question": "Which of the following best describes what a function in JavaScript is used for?",
    "level": 1,
    "correct": [
      "c"
    ],
    "options": {
      "d": "A function allows for the user of mathematical operators",
      "c": "A reusable piece of code that can be called on throughout an application",
      "b": "A function is used for math formulas",
      "a": "A function creates new variables"
    },
    "multi": false
  },
  {
    "_id": "5a780e86bd7830f7b30e7941",
    "type": "Quiz",
    "language": "Front-end",
    "question": "Which of the following demonstrates correct syntax for a function?\n//1 var myFunction = function[] {};\n//2 var myFunction = function() {};\n//3 var myFunction = function{} ();\n//4 var myFunction = function(); {};\n",
    "level": 1,
    "correct": [
      "b"
    ],
    "options": {
      "d": "4",
      "c": "3",
      "b": "2",
      "a": "1"
    },
    "multi": false
  },
  {
    "_id": "5a780e86bd7830f7b30e7942",
    "type": "Quiz",
    "language": "Front-end",
    "question": "Which of the following the correct way to call the function below?\nvar multiplier = function(number) {\n  console.log(3 * number);\n}",
    "level": 1,
    "correct": [
      "c"
    ],
    "options": {
      "d": "multiplier[5];",
      "c": "multiplier(5);",
      "b": "multiplier{5};",
      "a": "multiplier 5;"
    },
    "multi": false
  },
  {
    "_id": "5a780e86bd7830f7b30e7943",
    "type": "Quiz",
    "language": "Front-end",
    "question": "What does this for loop do?\nfor (var i = 2; i <= 7; i++) {\n  console.log(i);\n};\n",
    "level": 1,
    "correct": [
      "d"
    ],
    "options": {
      "d": "prints the numbers 2 to 7",
      "c": "prints the numbers 2 to 6",
      "b": "prints the numbers 1 to 7",
      "a": "prints I seven times"
    },
    "multi": false
  },
  {
    "_id": "5a780e86bd7830f7b30e7944",
    "type": "Quiz",
    "language": "Front-end",
    "question": "Which of the following best describes an array?",
    "level": 1,
    "correct": [
      "b"
    ],
    "options": {
      "d": "A data type that can create functions",
      "c": "A data type that can store data",
      "b": "A variable that can store a list of different data separately",
      "a": "A variable that can create functions"
    },
    "multi": false
  },
  {
    "_id": "5a780e86bd7830f7b30e7948",
    "type": "Quiz",
    "language": "Front-end",
    "question": "What is an HTML element?",
    "level": 1,
    "correct": [
      "b"
    ],
    "options": {
      "d": "Everything inside the head tag",
      "c": "Everything which is visible when viewing the site",
      "b": "Start tag and an end tag, with content in between",
      "a": "Content inside body tag"
    },
    "multi": false
  },
  {
    "_id": "5a780e86bd7830f7b30e7945",
    "type": "Quiz",
    "language": "Front-end",
    "question": "What is the use of the isNaN function?",
    "level": 1,
    "correct": [
      "b"
    ],
    "options": {
      "d": "It converts a number to a string",
      "c": "It checks if something is a number and returns a boolean",
      "b": "It checks if something is not a number and returns a boolean",
      "a": "It converts a string of numbers to a number"
    },
    "multi": false
  },
  {
    "_id": "5a780e86bd7830f7b30e7946",
    "type": "Quiz",
    "language": "Front-end",
    "question": "What would you replace the comment below with to print 'Hey!' to the console?\n//Replace this comment\nvar check = false;\nif (check || input) {\n  console.log(\"Hey\");\n}\n",
    "level": 1,
    "correct": [
      "c"
    ],
    "options": {
      "d": "var input;",
      "c": "var input = true;",
      "b": "var check = true;",
      "a": "nameinput = true;"
    },
    "multi": false
  },
  {
    "_id": "5a780e86bd7830f7b30e7947",
    "type": "Quiz",
    "language": "Front-end",
    "question": "What is the difference between HTML and CSS?",
    "level": 1,
    "correct": [
      "b"
    ],
    "options": {
      "d": "CSS deals with structure of the site and HTML the look and feel",
      "c": "CSS is a markup language unlike HTML",
      "b": "HTML deals with the structure of the site and CSS the look and feel",
      "a": "There is no difference"
    },
    "multi": false
  },
  {
    "_id": "5a780e86bd7830f7b30e7949",
    "type": "Quiz",
    "language": "Front-end",
    "question": "Below is a paragraph element, What is a benefit of inputting text into one?\n<p> Hello world! <p>",
    "level": 1,
    "correct": [
      "a"
    ],
    "options": {
      "d": "You cannot insert text outside of tags",
      "c": "It prevents markup adjustments",
      "b": "It will not be displayed",
      "a": "It allows the text to be styled"
    },
    "multi": false
  },
  {
    "_id": "5a780e86bd7830f7b30e794a",
    "type": "Quiz",
    "language": "Front-end",
    "question": "Which tag contains ALL of the website's visible content?",
    "level": 1,
    "correct": [
      "c"
    ],
    "options": {
      "d": "<start>",
      "c": "<title>",
      "b": "<body>",
      "a": "<head>"
    },
    "multi": false
  },
  {
    "_id": "5a780e86bd7830f7b30e794c",
    "type": "Quiz",
    "language": "Front-end",
    "question": "What is the function of the tag below?\n<title> Welcome to Fresher Academy </title>\n",
    "level": 1,
    "correct": [
      "c"
    ],
    "options": {
      "d": "show the server how to title the website",
      "c": "stores the title of the website for the browser and search engine results",
      "b": "show the server how to index the website",
      "a": "store meta information about the title"
    },
    "multi": false
  },
  {
    "_id": "5a780e86bd7830f7b30e794d",
    "type": "Quiz",
    "language": "Front-end",
    "question": "What is the correct syntax for a link?",
    "level": 1,
    "correct": [
      "d"
    ],
    "options": {
      "d": "<a href=\"www.fresheracademy.com\">Fresher Academy<a>",
      "c": "<a ref=\"www.fresheracademy.com\">Fresher Academy<a>",
      "b": "<a href:\"www.fresheracademy.com\">Fresher Academy<a>",
      "a": "<a h-ref=\"www.fresheracademy.com\">Fresher Academy<a>"
    },
    "multi": false
  },
  {
    "_id": "5a780e87bd7830f7b30e794e",
    "type": "Quiz",
    "language": "Front-end",
    "question": "What is the correct syntax for an image tag?",
    "level": 1,
    "correct": [
      "b"
    ],
    "options": {
      "d": "<img href=\"http:// fresheracademy.com/logo.png\" />",
      "c": "<img src:\"http:// fresheracademy.com/logo.png\" />",
      "b": "<img src=\"http:// fresheracademy.com/logo.png\" />",
      "a": "<img href:\"http:// fresheracademy.com/logo.png\" />"
    },
    "multi": false
  },
  {
    "_id": "5a780e87bd7830f7b30e794f",
    "type": "Quiz",
    "language": "Front-end",
    "question": "What will the line \"Blog\" be displayed as on the browser?\n<ol>\n  <li>Home</li>\n  <li>About Us</li>\n  <li>Contact Us</li>\n  <li>Blog</li>\n</ol>\n",
    "level": 1,
    "correct": [
      "a"
    ],
    "options": {
      "d": "Blog will not be display",
      "c": ".Blog",
      "b": "Blog",
      "a": "4. Blog"
    },
    "multi": false
  },
  {
    "_id": "5a780e87bd7830f7b30e7951",
    "type": "Quiz",
    "language": "Front-end",
    "question": "In CSS, how would you select all the <p> tags on a page?",
    "level": 1,
    "correct": [
      "d"
    ],
    "options": {
      "d": "p {}",
      "c": ".p {}",
      "b": "#p {}",
      "a": "*p {}"
    },
    "multi": false
  },
  {
    "_id": "5a780e87bd7830f7b30e7952",
    "type": "Quiz",
    "language": "Front-end",
    "question": "In CSS, how would you select this image by its id?\n<img id=\"logo\" src=\"logo.png\">",
    "level": 1,
    "correct": [
      "d"
    ],
    "options": {
      "d": "#logo {}",
      "c": ".logo {}",
      "b": "id=logo {}",
      "a": "logo {}"
    },
    "multi": false
  }
]